,T,dof,alternative,p-val,CI95%,cohen-d,BF10,power,region1,region2,metric,region_1_mean,region_1_std,region_2_mean,region_2_std,p-val_fdr_corrected,p-val_bonf_corrected,p-val_holm_corrected
T-test,4.212953605544028,117,two-sided,5e-05,[0. 0.],0.3391184772093254,331.347,0.9548105929066789,M1L-Brainstem,M1R-Brainstem,AD,0.001496793229677428,4.5677361929001685e-05,0.0014810674533768347,4.666852334778444e-05,0.00025333333333333333,0.0076,0.00615
T-test,-3.603619000276694,117,two-sided,0.000462,[-0. -0.],0.1959798278711424,42.155,0.5602039353793282,M1L-CaudL,M1R-CaudR,AD,0.0015159198842642314,6.305947710578344e-05,0.0015286712441592916,6.647231241097985e-05,0.001897945945945946,0.070224,0.053592
T-test,-0.08192028460908081,117,two-sided,0.93485,[-0.  0.],0.00401829480888973,0.103,0.050214725364200574,M1L-LentiL,M1R-LentiR,AD,0.0014527595515157223,5.5088823433684253e-05,0.0014529850312224003,5.6650281476540184e-05,0.9688592972972973,1.0,1.0
T-test,0.030460329206865068,117,two-sided,0.975752,[-0.  0.],0.0019489718605015035,0.102,0.05005050883191438,M1L-ParacentralL,M1R-ParacentralR,AD,0.0014461754383203078,7.025561331521172e-05,0.0014460307044781556,7.74613415090606e-05,0.987655,1.0,1.0
T-test,-5.249855216533432,117,two-sided,1e-06,[-0. -0.],0.2670370833781637,1.866e+04,0.8204063811613486,M1L-SubthalL,M1R-SubthalR,AD,0.0014954686374008433,5.062967637525503e-05,0.0015093911808157267,5.317067889371269e-05,6.608695652173913e-06,0.00015199999999999998,0.00013099999999999999
T-test,-3.496565457898304,117,two-sided,0.000667,[-0. -0.],0.19000765282465124,30.129,0.5347302613101423,M1L-ThalfusL,M1R-ThalfusR,AD,0.0014293731152774068,5.4606630619682937e-05,0.0014402019866283891,5.8814848355295243e-05,0.002599589743589743,0.10138399999999999,0.076038
T-test,4.290310268625036,117,two-sided,3.7e-05,[0. 0.],0.3598904101902085,438.023,0.9723912858760926,ParacentralL-Brainstem,ParacentralR-Brainstem,AD,0.0014991932469656426,4.5963082616119566e-05,0.0014822490866516491,4.7782311461034024e-05,0.0001939310344827586,0.005624,0.004588
T-test,-0.6326025045472986,117,two-sided,0.528228,[-0.  0.],0.03685024505694177,0.124,0.06824493854587604,ParacentralL-CaudL,ParacentralR-CaudR,AD,0.0014926061780049416,6.565537757471172e-05,0.0014950419032267025,6.597875784342e-05,0.6500230967741936,1.0,1.0
T-test,-4.542368058929024,117,two-sided,1.4e-05,[-0. -0.],0.2491623792490165,1115.604,0.7655776018848152,ParacentralL-LentiL,ParacentralR-LentiR,AD,0.0014696871630957464,5.595863205955171e-05,0.0014835104683681977,5.4519032377706904e-05,7.6e-05,0.002128,0.001764
T-test,-5.255342407682837,117,two-sided,1e-06,[-0. -0.],0.2640043660190187,1.909e+04,0.8117179963021516,ParacentralL-SubthalL,ParacentralR-SubthalR,AD,0.0014956261690358167,5.214916237345857e-05,0.0015096349821236048,5.3516960427019395e-05,6.608695652173913e-06,0.00015199999999999998,0.00013099999999999999
T-test,-2.1743570366090177,117,two-sided,0.031692,[-0. -0.],0.13523561598370204,0.984,0.30780590357801657,ParacentralL-ThalfusL,ParacentralR-ThalfusR,AD,0.0014469890265283109,5.819669061051387e-05,0.0014550084992058798,5.988760144239199e-05,0.07897022950819671,1.0,1.0
T-test,4.527378530428139,117,two-sided,1.4e-05,[0. 0.],0.3969056512566645,1054.15,0.9897178498041267,S1L-Brainstem,S1R-Brainstem,AD,0.0015214353205903952,5.058124639430736e-05,0.0015018226705112209,4.778719727068666e-05,7.6e-05,0.002128,0.001764
T-test,1.7324675952118516,117,two-sided,0.085826,[-0.  0.],0.1140235855988453,0.435,0.23295063336643967,S1L-CaudL,S1R-CaudR,AD,0.001515892428993119,6.706998134882882e-05,0.0015082591789442584,6.624791803493939e-05,0.17394069333333334,1.0,1.0
T-test,-0.4819017226607947,117,two-sided,0.630776,[-0.  0.],0.027557976020651534,0.114,0.06015856916657955,S1L-LentiL,S1R-LentiR,AD,0.0014748928320625272,5.254847338796334e-05,0.00147636253307805,5.365531652569343e-05,0.739667076923077,1.0,1.0
T-test,0.20886322187493814,117,two-sided,0.834918,[-0.  0.],0.014963455751080811,0.104,0.052982565224617945,S1L-ParacentralL,S1R-ParacentralR,AD,0.0013906520779512432,6.25055606903997e-05,0.0013897297667117992,6.02249531016616e-05,0.9196198260869566,1.0,1.0
T-test,-3.606315839023491,117,two-sided,0.000458,[-0. -0.],0.19652486272066147,42.518,0.56251805823994,S1L-SubthalL,S1R-SubthalR,AD,0.0015114226883624128,4.938925219560873e-05,0.0015215694468262739,5.3357495150643344e-05,0.001897945945945946,0.069616,0.053586
T-test,-0.9525219703820542,117,two-sided,0.342796,[-0.  0.],0.05889670375468002,0.159,0.09725231686088079,S1L-ThalfusL,S1R-ThalfusR,AD,0.0014739918494912287,5.899625298853011e-05,0.0014774987308339507,5.958245068091519e-05,0.49191483636363637,1.0,1.0
T-test,0.02217549560423227,117,two-sided,0.982346,[-0.  0.],0.0008683400622750827,0.102,0.050010025943258846,S1L-M1L,S1R-M1R,AD,0.001416341571326684,5.65046494506447e-05,0.0014162918619842618,5.749765442842249e-05,0.987655,1.0,1.0
T-test,0.20886322187493814,117,two-sided,0.834918,[-0.  0.],0.014963455751080811,0.104,0.052982565224617945,S1L-ParacentralL,S1R-ParacentralR,AD,0.0013906520779512432,6.25055606903997e-05,0.0013897297667117992,6.02249531016616e-05,0.9196198260869566,1.0,1.0
T-test,4.798273283266377,117,two-sided,5e-06,[0.   0.01],0.3520498688610651,2994.337,0.9665765551864907,M1L-Brainstem,M1R-Brainstem,FA,0.35934373812150144,0.0245590281397311,0.3509444250898846,0.02292692229732963,3.04e-05,0.00076,0.00064
T-test,0.6294496909688566,117,two-sided,0.530282,[-0.    0.01],0.05472404763626567,0.124,0.09067801756857741,M1L-CaudL,M1R-CaudR,FA,0.23884062860476768,0.03596471560384772,0.23692927547430587,0.03355100135785215,0.6500230967741936,1.0,1.0
T-test,0.9839085341272856,117,two-sided,0.327191,[-0.  0.],0.05697687257925819,0.164,0.09416364457217559,M1L-LentiL,M1R-LentiR,FA,0.24794460529998197,0.02517841992307049,0.2464976844898725,0.02539520559225504,0.49191483636363637,1.0,1.0
T-test,1.8879258155365957,117,two-sided,0.061513,[-0.    0.01],0.14984237852159277,0.568,0.3649908744140518,M1L-ParacentralL,M1R-ParacentralR,FA,0.1950761933447951,0.028077974855230312,0.19099856723668213,0.026079600037374605,0.12986077777777777,1.0,1.0
T-test,-1.5368881483676848,117,two-sided,0.127021,[-0.01  0.  ],0.1028739063202605,0.32,0.19828731480838865,M1L-SubthalL,M1R-SubthalR,FA,0.35487337536731006,0.026043994967634876,0.3574670522899951,0.0241297742986105,0.23027105882352938,1.0,1.0
T-test,0.2633073717596219,117,two-sided,0.792777,[-0.  0.],0.019027267859217652,0.106,0.05482785959761366,M1L-ThalfusL,M1R-ThalfusR,FA,0.27713202331530845,0.025717149272190147,0.2766410866278713,0.02566718963873742,0.8926081777777777,1.0,1.0
T-test,6.975396676958161,117,two-sided,0.0,[0.01 0.02],0.4834312449914316,4.661e+07,0.9994187148502555,ParacentralL-Brainstem,ParacentralR-Brainstem,FA,0.3537996578014503,0.02535371667939004,0.34201764100688997,0.02313171468458675,0.0,0.0,0.0
T-test,-0.9904431773010957,117,two-sided,0.324002,[-0.01  0.  ],0.07052753321969665,0.165,0.11831375504427154,ParacentralL-CaudL,ParacentralR-CaudR,FA,0.22881594919047113,0.029257805974360913,0.23080485326758884,0.026851926903232716,0.49191483636363637,1.0,1.0
T-test,-0.40934605655680295,117,two-sided,0.683034,[-0.  0.],0.028340723323136276,0.111,0.06074741410108593,ParacentralL-LentiL,ParacentralR-LentiR,FA,0.27069227069111196,0.02625030816285913,0.271446597904472,0.026753998751998326,0.7925280000000001,1.0,1.0
T-test,-1.5595478464865897,117,two-sided,0.121568,[-0.01  0.  ],0.09625446717401619,0.331,0.1793824357432188,ParacentralL-SubthalL,ParacentralR-SubthalR,FA,0.3492803384186858,0.025044396614530253,0.3516760564456552,0.024520299941380174,0.22534556097560973,1.0,1.0
T-test,1.692031135846659,117,two-sided,0.093302,[-0.    0.01],0.12038925931507646,0.407,0.2542523015966554,ParacentralL-ThalfusL,ParacentralR-ThalfusR,FA,0.27181816745107457,0.024853473807577554,0.2687891551246077,0.02525157773019945,0.18418057142857144,1.0,1.0
T-test,6.902714672349898,117,two-sided,0.0,[0.01 0.02],0.5055676460624728,3.281e+07,0.9997551535003125,S1L-Brainstem,S1R-Brainstem,FA,0.358062338273404,0.025745275541860225,0.34553148408057327,0.023567593234428183,0.0,0.0,0.0
T-test,2.1128830820697018,117,two-sided,0.036736,[0.   0.01],0.20198073099132144,0.87,0.5855528643965037,S1L-CaudL,S1R-CaudR,FA,0.2456999632009005,0.031772079000382765,0.2393777628066176,0.03055217118719144,0.0896703492063492,1.0,1.0
T-test,1.0718659993002848,117,two-sided,0.285986,[-0.  0.],0.05170052750895827,0.179,0.08623424851710393,S1L-LentiL,S1R-LentiR,FA,0.2555923632393449,0.022396791922022864,0.25442980141457866,0.022385157157201758,0.4554553333333334,1.0,1.0
T-test,1.0688447870285378,117,two-sided,0.28734,[-0.    0.01],0.08489194577332825,0.178,0.14995225082256117,S1L-ParacentralL,S1R-ParacentralR,FA,0.1644109103007842,0.031118553828955304,0.16201519486257585,0.024717604631110803,0.4554553333333334,1.0,1.0
T-test,-0.812062626730409,117,two-sided,0.418405,[-0.  0.],0.05194384186363034,0.141,0.0865819582852299,S1L-SubthalL,S1R-SubthalR,FA,0.3555919975042343,0.026774287538233393,0.35699780032796374,0.027122539760733363,0.5454968205128206,1.0,1.0
T-test,1.9365229577160588,117,two-sided,0.055215,[-0.    0.01],0.14281236539949047,0.621,0.3369825005320821,S1L-ThalfusL,S1R-ThalfusR,FA,0.2824190438298856,0.023389068883705722,0.27902520018613947,0.0239346732187916,0.11989542857142857,1.0,1.0
T-test,0.7262927271079297,117,two-sided,0.46911,[-0.  0.],0.03157429364117719,0.132,0.06335922164261618,S1L-M1L,S1R-M1R,FA,0.17078429750971874,0.01854493153689415,0.17020328462881557,0.018098984749753876,0.597756958677686,1.0,1.0
T-test,1.0688447870285378,117,two-sided,0.28734,[-0.    0.01],0.08489194577332825,0.178,0.14995225082256117,S1L-ParacentralL,S1R-ParacentralR,FA,0.1644109103007842,0.031118553828955304,0.16201519486257585,0.024717604631110803,0.4554553333333334,1.0,1.0
T-test,1.7501994611763645,117,two-sided,0.082705,[-0.  0.],0.0844153050879222,0.448,0.14880233869659631,M1L-Brainstem,M1R-Brainstem,MD,0.0010610443255784625,4.45298827664382e-05,0.0010572522967437687,4.492993664234343e-05,0.16988054054054053,1.0,1.0
T-test,-2.080383987939969,117,two-sided,0.039673,[-0. -0.],0.11588880307540375,0.816,0.23908214707434355,M1L-CaudL,M1R-CaudR,MD,0.0012140330992701713,8.025342446617731e-05,0.0012232956498213568,7.891454371178006e-05,0.09277378461538462,1.0,1.0
T-test,-0.1603222397315289,117,two-sided,0.872904,[-0.  0.],0.005475816830399917,0.104,0.0503987919402768,M1L-LentiL,M1R-LentiR,MD,0.0011485120660419685,6.520651796765477e-05,0.0011488708837146704,6.529234920852303e-05,0.9410028936170213,1.0,1.0
T-test,-1.2065665229603768,117,two-sided,0.230033,[-0.  0.],0.03917253344832627,0.207,0.07064298631043196,M1L-ParacentralL,M1R-ParacentralR,MD,0.0012110117112554238,7.286855771328337e-05,0.0012139263651648941,7.529084592542112e-05,0.38877546666666674,1.0,1.0
T-test,-2.9620122959198714,117,two-sided,0.003702,[-0. -0.],0.11678385339477296,6.392,0.24205718313369354,M1L-SubthalL,M1R-SubthalR,MD,0.0010710715728622035,5.484719203136815e-05,0.0010776041338014545,5.653928944827179e-05,0.012232695652173914,0.562704,0.396114
T-test,-3.378915681381728,117,two-sided,0.000989,[-0. -0.],0.1341677295355685,21.029,0.30378696496699586,M1L-ThalfusL,M1R-ThalfusR,MD,0.0010999341838661169,6.065612838019029e-05,0.0011083520909423575,6.424287624147623e-05,0.0037582000000000006,0.15032800000000002,0.11175700000000001
T-test,0.765649868792937,117,two-sided,0.445426,[-0.  0.],0.03628418867860846,0.136,0.06768344111971247,ParacentralL-Brainstem,ParacentralR-Brainstem,MD,0.0010732788221625967,4.760941600660936e-05,0.0010715413594941567,4.775349344572975e-05,0.5737690847457627,1.0,1.0
T-test,0.47931447060950877,117,two-sided,0.63261,[-0.  0.],0.01928000160706499,0.114,0.05495734354777718,ParacentralL-CaudL,ParacentralR-CaudR,MD,0.0012122020283239924,7.599835882240382e-05,0.0012107766697072293,7.115279474009246e-05,0.739667076923077,1.0,1.0
T-test,-3.5133448570018126,117,two-sided,0.00063,[-0. -0.],0.1400388497662539,31.74,0.32617230953780507,ParacentralL-LentiL,ParacentralR-LentiR,MD,0.001140810322347919,6.283445870114474e-05,0.0011497045032505893,6.364801843045153e-05,0.00252,0.09576,0.07245
T-test,-2.9777207341585594,117,two-sided,0.003531,[-0. -0.],0.11628179020546062,6.669,0.24038578856626197,ParacentralL-SubthalL,ParacentralR-SubthalR,MD,0.0010820249395476016,5.588758722744915e-05,0.0010886458542899837,5.749453848934075e-05,0.011926933333333334,0.536712,0.38134799999999996
T-test,-3.3043470002389714,117,two-sided,0.001264,[-0. -0.],0.1560447292042296,16.831,0.3903357775625855,ParacentralL-ThalfusL,ParacentralR-ThalfusR,MD,0.001124896687234432,6.281580572627751e-05,0.001135107578701778,6.741850734904297e-05,0.00457447619047619,0.192128,0.14030399999999998
T-test,0.9986613720782839,117,two-sided,0.32002,[-0.  0.],0.055510579587614746,0.166,0.09187797417984686,S1L-Brainstem,S1R-Brainstem,MD,0.0010807475161943407,4.294011389769594e-05,0.0010783201482114921,4.4136353642266233e-05,0.49191483636363637,1.0,1.0
T-test,-0.2745676252046995,117,two-sided,0.784133,[-0.  0.],0.015813387844879245,0.106,0.05333170472874707,S1L-CaudL,S1R-CaudR,MD,0.001207390241719478,7.450805393007607e-05,0.0012085477730763908,7.123239272492426e-05,0.8894642985074627,1.0,1.0
T-test,-0.5297948443215023,117,two-sided,0.597258,[-0.  0.],0.022112337597267717,0.117,0.056526840135064094,S1L-LentiL,S1R-LentiR,MD,0.0011606805038369577,5.9310022009951844e-05,0.0011620124115339753,6.0638461656584906e-05,0.7205017142857142,1.0,1.0
T-test,-0.9319617007557873,117,two-sided,0.353276,[-0.  0.],0.03741112170154336,0.156,0.06881018620256499,S1L-ParacentralL,S1R-ParacentralR,MD,0.0011947194570122487,5.948118994790843e-05,0.001197001175615506,6.195638403667875e-05,0.49191483636363637,1.0,1.0
T-test,-1.9275351024828518,117,two-sided,0.056337,[-0.  0.],0.08639820627776905,0.611,0.15363118693583613,S1L-SubthalL,S1R-SubthalR,MD,0.0010832806534164933,5.180965445718883e-05,0.0010878606141994263,5.374227367308559e-05,0.12060878873239436,1.0,1.0
T-test,-2.182216404837794,117,two-sided,0.031092,[-0. -0.],0.1086265600703654,1.0,0.21573941768096722,S1L-ThalfusL,S1R-ThalfusR,MD,0.0011294713160969704,6.42048903265362e-05,0.001136472119192026,6.414447068018778e-05,0.0787664,1.0,1.0
T-test,0.055589062608717175,117,two-sided,0.955764,[-0.  0.],0.0014332779752769499,0.102,0.05002731561032577,S1L-M1L,S1R-M1R,MD,0.0012046655282867008,6.458867210883015e-05,0.0012045730708434815,6.387688629033726e-05,0.9750075704697986,1.0,1.0
T-test,-0.9319617007557873,117,two-sided,0.353276,[-0.  0.],0.03741112170154336,0.156,0.06881018620256499,S1L-ParacentralL,S1R-ParacentralR,MD,0.0011947194570122487,5.948118994790843e-05,0.001197001175615506,6.195638403667875e-05,0.49191483636363637,1.0,1.0
T-test,-2.4683494599802365,117,two-sided,0.015019,[-0. -0.],0.10307579009769256,1.863,0.19888384502733691,M1L-Brainstem,M1R-Brainstem,NDI_post,0.275078033782125,0.02312339900894101,0.27752832047581877,0.024205741885295545,0.040765857142857145,1.0,1.0
T-test,1.7089476189723192,117,two-sided,0.090112,[-0.    0.01],0.09929404075573928,0.418,0.18790484636931637,M1L-CaudL,M1R-CaudR,NDI_post,0.18362338439870912,0.03290530482270228,0.18041884628272728,0.031348180277293886,0.180224,1.0,1.0
T-test,-0.015506330127406185,117,two-sided,0.987655,[-0.  0.],0.0005692184554295726,0.102,0.05000430826305305,M1L-LentiL,M1R-LentiR,NDI_post,0.20659189542604922,0.029122740880206124,0.20660862879767417,0.02942104032203481,0.987655,1.0,1.0
T-test,-1.2551461009144556,117,two-sided,0.211927,[-0.  0.],0.036015371370363404,0.22,0.06741994108211308,M1L-ParacentralL,M1R-ParacentralR,NDI_post,0.17798720184705502,0.03159997001350643,0.17914721617596194,0.03253737792952402,0.37026326436781615,1.0,1.0
T-test,2.082224358066647,117,two-sided,0.039502,[0. 0.],0.08619839888430467,0.818,0.15313923838217697,M1L-SubthalL,M1R-SubthalR,NDI_post,0.2596539354029701,0.02701312922308985,0.25725644916958407,0.028361413021059115,0.09277378461538462,1.0,1.0
T-test,3.152490514560776,117,two-sided,0.002057,[0.   0.01],0.13123361198227523,10.834,0.2928710905259224,M1L-ThalfusL,M1R-ThalfusR,NDI_post,0.23804312350176293,0.028136562120159792,0.23425434905074102,0.029346436907109454,0.007271255813953488,0.31266399999999994,0.22626999999999997
T-test,-1.9779918531476672,117,two-sided,0.05028,[-0.  0.],0.0840512335556287,0.67,0.14792862158802855,ParacentralL-Brainstem,ParacentralR-Brainstem,NDI_post,0.26841047766292414,0.022888190631857482,0.27034692743174976,0.02299387007689858,0.11239058823529412,1.0,1.0
T-test,-0.8657148890111993,117,two-sided,0.388418,[-0.  0.],0.033579007353403814,0.147,0.06512408951307641,ParacentralL-CaudL,ParacentralR-CaudR,NDI_post,0.18219272825320346,0.031836229925881,0.1832138981786898,0.028643196193735756,0.5271387142857143,1.0,1.0
T-test,2.226096478551449,117,two-sided,0.027923,[0.   0.01],0.1001721165936374,1.095,0.19041709524777106,ParacentralL-LentiL,ParacentralR-LentiR,NDI_post,0.21249544225049358,0.028637293789407974,0.20964584668180006,0.028011649668919697,0.0731775172413793,1.0,1.0
T-test,1.7530551108008012,117,two-sided,0.082212,[-0.  0.],0.07415783387725058,0.45,0.125720366565379,ParacentralL-SubthalL,ParacentralR-SubthalR,NDI_post,0.25357212823157443,0.02726146989533864,0.25153104782291674,0.02755094606864062,0.16988054054054053,1.0,1.0
T-test,4.14187047861189,117,two-sided,6.5e-05,[0.   0.01],0.1969123418322468,257.243,0.5641619399046452,ParacentralL-ThalfusL,ParacentralR-ThalfusR,NDI_post,0.2269085393956122,0.027752641396547265,0.22141237626989985,0.027833706084424325,0.0003187096774193548,0.00988,0.00793
T-test,0.8408973868291872,117,two-sided,0.402121,[-0.  0.],0.03870758827066549,0.144,0.07015068689094461,S1L-Brainstem,S1R-Brainstem,NDI_post,0.2719806444557456,0.02205239100838033,0.2711272860334644,0.02185248829902756,0.5343328695652174,1.0,1.0
T-test,0.5460040188393728,117,two-sided,0.586103,[-0.  0.],0.033070977810114074,0.118,0.0646662569931534,S1L-CaudL,S1R-CaudR,NDI_post,0.18740297733000963,0.02972683865686379,0.1864393247627578,0.028285636250007636,0.7127012480000001,1.0,1.0
T-test,0.1244429280568159,117,two-sided,0.901178,[-0.  0.],0.0055649570155331856,0.103,0.05041188468527712,S1L-LentiL,S1R-LentiR,NDI_post,0.20105389212054875,0.025970988405642634,0.20090677019914074,0.026674208574829578,0.9646412394366197,1.0,1.0
T-test,0.7153047846220809,117,two-sided,0.475846,[-0.  0.],0.028559239391825822,0.131,0.06091481233722439,S1L-ParacentralL,S1R-ParacentralR,NDI_post,0.18552817248542905,0.027547504330379925,0.18473991518369692,0.027419505326625588,0.597756958677686,1.0,1.0
T-test,1.5297835426782984,117,two-sided,0.12877,[-0.  0.],0.06887705847742073,0.317,0.11507793991255288,S1L-SubthalL,S1R-SubthalR,NDI_post,0.2531706800504364,0.025340080510801267,0.2513673413321212,0.026781622972128036,0.23027105882352938,1.0,1.0
T-test,3.741011406549143,117,two-sided,0.000285,[0.   0.01],0.18768316887667152,65.648,0.5247714811605751,S1L-ThalfusL,S1R-ThalfusR,NDI_post,0.22683862408518876,0.026244214380948306,0.22188055293243383,0.02636577220565594,0.0012377142857142858,0.04332,0.03363
T-test,0.10441309219484195,117,two-sided,0.91702,[-0.  0.],0.002800672918160103,0.103,0.050104302625486416,S1L-M1L,S1R-M1R,NDI_post,0.17747090031481377,0.02712212840782072,0.17739568733563474,0.026354945531243863,0.9679655555555555,1.0,1.0
T-test,0.7153047846220809,117,two-sided,0.475846,[-0.  0.],0.028559239391825822,0.131,0.06091481233722439,S1L-ParacentralL,S1R-ParacentralR,NDI_post,0.18552817248542905,0.027547504330379925,0.18473991518369692,0.027419505326625588,0.597756958677686,1.0,1.0
T-test,-0.8370610851635588,117,two-sided,0.404265,[-0.  0.],0.03443353787555936,0.144,0.06591043143393557,M1L-Brainstem,M1R-Brainstem,NDI_pre,0.2764927980584565,0.023777802235705983,0.2773293109542943,0.024596063348683847,0.5343328695652174,1.0,1.0
T-test,1.2061428046372356,117,two-sided,0.230196,[-0.    0.01],0.06957123795651285,0.207,0.11642890046159694,M1L-CaudL,M1R-CaudR,NDI_pre,0.18220151984801158,0.03436628601580085,0.1798839659948705,0.03192996482677434,0.38877546666666674,1.0,1.0
T-test,-0.2341199724708357,117,two-sided,0.815301,[-0.  0.],0.008491113975136313,0.105,0.050959237235220264,M1L-LentiL,M1R-LentiR,NDI_pre,0.20595349534152604,0.029898782320664036,0.20620824088792644,0.029849263240757016,0.9112187647058824,1.0,1.0
T-test,-0.9266985006823355,117,two-sided,0.355991,[-0.  0.],0.027342640361357813,0.155,0.05999953357614611,M1L-ParacentralL,M1R-ParacentralR,NDI_pre,0.17758266970383474,0.03231931411775047,0.17848861395411775,0.03365188309981955,0.49191483636363637,1.0,1.0
T-test,2.395314888413839,117,two-sided,0.018193,[0.   0.01],0.09769967388839612,1.579,0.1834007503986912,M1L-SubthalL,M1R-SubthalR,NDI_pre,0.25963933368533026,0.02759437558606515,0.2568753942515008,0.0287341574549696,0.04851466666666667,1.0,1.0
T-test,2.873311453074552,117,two-sided,0.004825,[0.   0.01],0.11888182854834901,5.048,0.24911268959926258,M1L-ThalfusL,M1R-ThalfusR,NDI_pre,0.2371932262888932,0.02915072502795909,0.2336605036759841,0.030022985978622938,0.015279166666666668,0.7334,0.506625
T-test,-0.09120435139809598,117,two-sided,0.927486,[-0.  0.],0.0038155852323149574,0.103,0.050193604956353034,ParacentralL-Brainstem,ParacentralR-Brainstem,NDI_pre,0.2695202831297612,0.023491399039315606,0.2696112055095383,0.023962311276431114,0.9688592972972973,1.0,1.0
T-test,-0.8094688745997811,117,two-sided,0.419889,[-0.  0.],0.03042338268698808,0.141,0.0623964544574209,ParacentralL-CaudL,ParacentralR-CaudR,NDI_pre,0.18111377460789554,0.03265006114184385,0.1820717073124198,0.029999961142809294,0.5454968205128206,1.0,1.0
T-test,2.5363888477725505,117,two-sided,0.012518,[0.   0.01],0.11144390166082861,2.182,0.22462457016833165,ParacentralL-LentiL,ParacentralR-LentiR,NDI_pre,0.21183515723931262,0.02954822869781986,0.2085444032160418,0.029256968201614376,0.03590067924528302,1.0,1.0
T-test,2.197104502494661,117,two-sided,0.029984,[0. 0.],0.09143618383396737,1.031,0.1664315900144983,ParacentralL-SubthalL,ParacentralR-SubthalR,NDI_pre,0.25326757232967956,0.028167128095779627,0.25065879787908446,0.028650700796137664,0.0772469152542373,1.0,1.0
T-test,4.65368747956737,117,two-sided,9e-06,[0.   0.01],0.21597058986899742,1706.229,0.6431198093643318,ParacentralL-ThalfusL,ParacentralR-ThalfusR,NDI_pre,0.2260339122097981,0.028916308432994097,0.21963538311108943,0.030074422959559793,5.2615384615384616e-05,0.001368,0.0011430000000000001
T-test,2.616070722081298,117,two-sided,0.010068,[0. 0.],0.12514115002645027,2.638,0.27082739310899484,S1L-Brainstem,S1R-Brainstem,NDI_pre,0.27393986678619797,0.02263044200112471,0.271116647134812,0.02229729147125376,0.03000658823529412,1.0,1.0
T-test,0.11610903094897544,117,two-sided,0.907765,[-0.  0.],0.006953844946135422,0.103,0.05064322548448495,S1L-CaudL,S1R-CaudR,NDI_pre,0.1854589753431693,0.031538018956829214,0.18524596899249535,0.029428245213578817,0.964897062937063,1.0,1.0
T-test,-0.0791684448606651,117,two-sided,0.937034,[-0.  0.],0.0034870776578159444,0.103,0.0501616995928336,S1L-LentiL,S1R-LentiR,NDI_pre,0.20035144277276654,0.026626560124199297,0.20044572657302936,0.027216693966993902,0.9688592972972973,1.0,1.0
T-test,0.9616112755317103,117,two-sided,0.338228,[-0.  0.],0.039258770581429785,0.16,0.07073496919415,S1L-ParacentralL,S1R-ParacentralR,NDI_pre,0.18543770763229922,0.02803106304368745,0.1843304805631349,0.028135928884628812,0.49191483636363637,1.0,1.0
T-test,1.530617462306868,117,two-sided,0.128563,[-0.  0.],0.06852011163314259,0.317,0.11438892627998945,S1L-SubthalL,S1R-SubthalR,NDI_pre,0.2530596380660931,0.02588900864459606,0.2512376118238549,0.02705456721174127,0.23027105882352938,1.0,1.0
T-test,2.948728838459122,117,two-sided,0.003854,[0.   0.01],0.15250549248703102,6.168,0.3758069248037921,S1L-ThalfusL,S1R-ThalfusR,NDI_pre,0.2248592118879505,0.02840965513542501,0.22053121838096773,0.02810704715310806,0.012464,0.585808,0.408524
T-test,-0.8542810262350656,117,two-sided,0.394695,[-0.  0.],0.022472706665572738,0.146,0.05674215536696519,S1L-M1L,S1R-M1R,NDI_pre,0.17698747131715267,0.027585163171151974,0.17759958887691465,0.026652018001406718,0.530917168141593,1.0,1.0
T-test,0.9616112755317103,117,two-sided,0.338228,[-0.  0.],0.039258770581429785,0.16,0.07073496919415,S1L-ParacentralL,S1R-ParacentralR,NDI_pre,0.18543770763229922,0.02803106304368745,0.1843304805631349,0.028135928884628812,0.49191483636363637,1.0,1.0
T-test,-20.37356890965499,117,two-sided,0.0,[-0.04 -0.03],2.213928561130075,8.434e+36,1.0,M1L-Brainstem,M1R-Brainstem,ODI_post,0.19240917841919436,0.015152189611570353,0.22485395373933492,0.014010707248574268,0.0,0.0,0.0
T-test,-4.022697241406379,117,two-sided,0.000102,[-0.02 -0.01],0.4544856014136731,169.506,0.9983382896248785,M1L-CaudL,M1R-CaudR,ODI_post,0.21791902480612654,0.018434210463147985,0.22987135252062812,0.03211990997395377,0.0004845,0.015504,0.012342
T-test,-8.49325745135858,117,two-sided,0.0,[-0.02 -0.01],0.8335898587247771,9.557e+10,1.0,M1L-LentiL,M1R-LentiR,ODI_post,0.2327184061365614,0.014740092792274841,0.24616208610595822,0.017277461038804887,0.0,0.0,0.0
T-test,14.163357867136554,117,two-sided,0.0,[0.06 0.07],1.6258081168765706,9.25e+23,1.0,M1L-ParacentralL,M1R-ParacentralR,ODI_post,0.33432885174203003,0.04289996743983861,0.268774539325752,0.037196954111552445,0.0,0.0,0.0
T-test,-24.568736131899726,117,two-sided,0.0,[-0.04 -0.04],2.494718318906635,3.568e+44,1.0,M1L-SubthalL,M1R-SubthalR,ODI_post,0.18298535768531146,0.01580788427515796,0.22453892519638458,0.017328997412729346,0.0,0.0,0.0
T-test,13.477391198517713,117,two-sided,0.0,[0.02 0.03],1.460677155602696,2.641e+22,1.0,M1L-ThalfusL,M1R-ThalfusR,ODI_post,0.24219312321786302,0.017182143680668418,0.21556944638785902,0.01906792722457974,0.0,0.0,0.0
T-test,16.834733402678282,117,two-sided,0.0,[0.02 0.03],1.8254170488877215,6.06e+29,1.0,ParacentralL-Brainstem,ParacentralR-Brainstem,ODI_post,0.23013200245455975,0.015847032025968648,0.2034180298866328,0.013174817488279946,0.0,0.0,0.0
T-test,27.317342063317682,117,two-sided,0.0,[0.07 0.08],3.202313631461832,1.243e+49,1.0,ParacentralL-CaudL,ParacentralR-CaudR,ODI_post,0.2701428887125237,0.021933078008642026,0.19450001086777652,0.025008331108240658,0.0,0.0,0.0
T-test,25.25501992159874,117,two-sided,0.0,[0.05 0.06],2.7599186770038027,5.228e+45,1.0,ParacentralL-LentiL,ParacentralR-LentiR,ODI_post,0.2620915811449943,0.019642047226484157,0.21096232995966385,0.017168910485514173,0.0,0.0,0.0
T-test,16.938234251310558,117,two-sided,0.0,[0.03 0.04],1.8774679802274148,1.002e+30,1.0,ParacentralL-SubthalL,ParacentralR-SubthalR,ODI_post,0.2313434195588162,0.01975161445693343,0.19522451910153718,0.018542089686096712,0.0,0.0,0.0
T-test,45.49436655766499,117,two-sided,0.0,[0.1  0.11],5.013585162504444,3.078e+72,1.0,ParacentralL-ThalfusL,ParacentralR-ThalfusR,ODI_post,0.2845061897522852,0.022259010851936836,0.18287962222609788,0.017870015974933914,0.0,0.0,0.0
T-test,-10.838420036912943,117,two-sided,0.0,[-0.02 -0.02],1.190759180539561,2.28e+16,1.0,S1L-Brainstem,S1R-Brainstem,ODI_post,0.2015235797456438,0.017602350484398944,0.22026009120735562,0.013458708994065675,0.0,0.0,0.0
T-test,0.9493774878295346,117,two-sided,0.344386,[-0.    0.01],0.10549551333210903,0.158,0.20612438008494186,S1L-CaudL,S1R-CaudR,ODI_post,0.2336260916907736,0.02125540110388466,0.23112744732331264,0.025702981024836674,0.49191483636363637,1.0,1.0
T-test,-9.73738436054155,117,two-sided,0.0,[-0.02 -0.01],0.958605394667745,6.511e+13,1.0,S1L-LentiL,S1R-LentiR,ODI_post,0.2342329745527056,0.015929075008014427,0.24973064494308897,0.016265651667307004,0.0,0.0,0.0
T-test,15.276568859718397,117,two-sided,0.0,[0.06 0.07],1.6144930536210094,2.697e+26,1.0,S1L-ParacentralL,S1R-ParacentralR,ODI_post,0.397588511148237,0.04330822239215707,0.333615268999126,0.035184724522020316,0.0,0.0,0.0
T-test,-18.461986289938096,117,two-sided,0.0,[-0.04 -0.03],1.7321640680416568,1.412e+33,1.0,S1L-SubthalL,S1R-SubthalR,ODI_post,0.1935790372345964,0.018649651158197514,0.22574011209086853,0.01832522563855437,0.0,0.0,0.0
T-test,19.263656816394157,117,two-sided,0.0,[0.03 0.04],1.776432679239988,5.715e+34,1.0,S1L-ThalfusL,S1R-ThalfusR,ODI_post,0.24754529113269633,0.021754584983576453,0.21292629001565708,0.016729021486174323,0.0,0.0,0.0
T-test,-18.628916217200327,117,two-sided,0.0,[-0.03 -0.03],1.5128383535418595,3.071e+33,1.0,S1L-M1L,S1R-M1R,ODI_post,0.3131748896673797,0.020353679489668625,0.3437787469009579,0.019931163800968123,0.0,0.0,0.0
T-test,15.276568859718397,117,two-sided,0.0,[0.06 0.07],1.6144930536210094,2.697e+26,1.0,S1L-ParacentralL,S1R-ParacentralR,ODI_post,0.397588511148237,0.04330822239215707,0.333615268999126,0.035184724522020316,0.0,0.0,0.0
T-test,-4.8839762195275345,117,two-sided,3e-06,[-0.01 -0.  ],0.4874653412329219,4202.169,0.9995014686982848,M1L-Brainstem,M1R-Brainstem,ODI_pre,0.16195368666852436,0.015054560870874591,0.16920166275193113,0.01455230591428182,1.9e-05,0.000456,0.00038700000000000003
T-test,-0.507131290295316,117,two-sided,0.613017,[-0.01  0.  ],0.045129387732384486,0.116,0.07749394537689999,M1L-CaudL,M1R-CaudR,ODI_pre,0.19820898719453486,0.026564086334154385,0.19949229270548374,0.02996451098677034,0.7336896377952756,1.0,1.0
T-test,-1.6159565961456246,117,two-sided,0.108797,[-0.01  0.  ],0.13269700648360416,0.361,0.2982919005756503,M1L-LentiL,M1R-LentiR,ODI_pre,0.2128931283835361,0.01715788484999563,0.21540478035213165,0.020397354768517964,0.20416227160493827,1.0,1.0
T-test,-1.1667466850493429,117,two-sided,0.245685,[-0.01  0.  ],0.11072316110629167,0.198,0.22233072148398567,M1L-ParacentralL,M1R-ParacentralR,ODI_pre,0.27018628472471645,0.04178316899498482,0.27525511501812305,0.049093143609981904,0.41037494505494504,1.0,1.0
T-test,3.1194395595859796,117,two-sided,0.002282,[0.   0.01],0.2103069435186104,9.866,0.6201229073919904,M1L-SubthalL,M1R-SubthalR,ODI_pre,0.15903894354106182,0.01579386845435274,0.15569775292294497,0.015845585838283573,0.007883272727272728,0.346864,0.24873800000000001
T-test,1.9798606388901654,117,two-sided,0.050067,[-0.    0.01],0.16293255619198543,0.673,0.41904621609898185,M1L-ThalfusL,M1R-ThalfusR,ODI_pre,0.21127418993996822,0.0200569370751495,0.2078828941822104,0.02137359573346839,0.11239058823529412,1.0,1.0
T-test,-5.813012820567202,117,two-sided,0.0,[-0.01 -0.01],0.5989241091580698,2.102e+05,1.0,ParacentralL-Brainstem,ParacentralR-Brainstem,ODI_pre,0.16484134343421283,0.014645683181362236,0.17363097935778998,0.014581028218344692,0.0,0.0,0.0
T-test,0.8946248902447769,117,two-sided,0.372824,[-0.    0.01],0.083140866395057,0.151,0.14576139382506917,ParacentralL-CaudL,ParacentralR-CaudR,ODI_pre,0.21722888080645342,0.027275767758650222,0.21497177018682012,0.026787527334282843,0.5105337657657657,1.0,1.0
T-test,2.56941324398014,117,two-sided,0.011444,[0.   0.01],0.22350043624664187,2.359,0.6728950848706392,ParacentralL-LentiL,ParacentralR-LentiR,ODI_pre,0.19916719471769181,0.018985949136902863,0.19505645230718816,0.01761736902820378,0.03345169230769231,1.0,1.0
T-test,3.838006713254695,117,two-sided,0.000202,[0.   0.01],0.25460229506529336,90.459,0.7831750700410345,ParacentralL-SubthalL,ParacentralR-SubthalR,ODI_pre,0.16333386967794222,0.016848361896682113,0.15910819166133722,0.016198642036292978,0.0009075294117647059,0.030704000000000002,0.02424
T-test,2.0562462744571963,117,two-sided,0.041983,[0.   0.01],0.1857446530061107,0.778,0.5164544575707563,ParacentralL-ThalfusL,ParacentralR-ThalfusR,ODI_pre,0.20953742610372897,0.02036275828122961,0.20567584991758953,0.02103463717725874,0.09668812121212121,1.0,1.0
T-test,-5.318954885552383,117,two-sided,0.0,[-0.01 -0.01],0.5019018293435118,2.491e+04,0.999716424406968,S1L-Brainstem,S1R-Brainstem,ODI_pre,0.1592343806778153,0.018658005691215337,0.1679923111336948,0.01599022826834185,0.0,0.0,0.0
T-test,-3.836140234457381,117,two-sided,0.000203,[-0.02 -0.01],0.36527712922492567,89.897,0.9758765632577988,S1L-CaudL,S1R-CaudR,ODI_pre,0.19409030099501398,0.02817524164962122,0.20446199552843114,0.028371364886133604,0.0009075294117647059,0.030856,0.02424
T-test,-1.2473380476624583,117,two-sided,0.214764,[-0.  0.],0.10102848925743307,0.217,0.19288883079612307,S1L-LentiL,S1R-LentiR,ODI_pre,0.2050221857183871,0.017301568204424012,0.20686972686228897,0.019074596766944715,0.370956,1.0,1.0
T-test,-0.3038925606252622,117,two-sided,0.76175,[-0.01  0.01],0.029540792294594196,0.107,0.0616829946810119,S1L-ParacentralL,S1R-ParacentralR,ODI_pre,0.3409879683394813,0.053501492895261814,0.34246679271302083,0.04590430878293034,0.8705714285714287,1.0,1.0
T-test,0.9378318058939555,117,two-sided,0.350263,[-0.  0.],0.05957150747196556,0.157,0.09836389110041299,S1L-SubthalL,S1R-SubthalR,ODI_pre,0.15673371844958303,0.01728961706288255,0.15563921115399562,0.01924790662285593,0.49191483636363637,1.0,1.0
T-test,-0.18581693229297186,117,two-sided,0.85291,[-0.  0.],0.01465254137168981,0.104,0.052859697803933625,S1L-ThalfusL,S1R-ThalfusR,ODI_pre,0.19600641505534036,0.021644631983120267,0.19633132295063527,0.02250696458965404,0.932678561151079,1.0,1.0
T-test,-1.624253832615835,117,two-sided,0.107013,[-0.01  0.  ],0.12021618175337033,0.366,0.25365924298035303,S1L-M1L,S1R-M1R,ODI_pre,0.3040028542124287,0.02228994305220382,0.3067907886247944,0.023868147931261012,0.2033247,1.0,1.0
T-test,-0.3038925606252622,117,two-sided,0.76175,[-0.01  0.01],0.029540792294594196,0.107,0.0616829946810119,S1L-ParacentralL,S1R-ParacentralR,ODI_pre,0.3409879683394813,0.053501492895261814,0.34246679271302083,0.04590430878293034,0.8705714285714287,1.0,1.0
T-test,-0.9664045819166125,117,two-sided,0.335835,[-0.  0.],0.0435545410459129,0.161,0.07558424074352184,M1L-Brainstem,M1R-Brainstem,RD,0.0008431698730356966,5.035315037583045e-05,0.0008453447273063729,4.90827478381254e-05,0.49191483636363637,1.0,1.0
T-test,-1.3221535875303279,117,two-sided,0.188696,[-0.  0.],0.08234124747191615,0.239,0.1438784688387628,M1L-CaudL,M1R-CaudR,RD,0.0010630897057865686,9.260106684047264e-05,0.0010706078709039476,8.920167707830216e-05,0.3335092093023256,1.0,1.0
T-test,-0.16766556228416274,117,two-sided,0.867136,[-0.  0.],0.0058532068439243485,0.104,0.050455670963702196,M1L-LentiL,M1R-LentiR,RD,0.0009963883203453787,7.243661203599505e-05,0.0009968138208130823,7.233652636470483e-05,0.9410028936170213,1.0,1.0
T-test,-1.9555070384497342,117,two-sided,0.052907,[-0.  0.],0.05592383195711082,0.643,0.09251574101461613,M1L-ParacentralL,M1R-ParacentralR,RD,0.0010934298353908502,7.912914420544238e-05,0.0010978741831761348,7.913882748956202e-05,0.11654875362318841,1.0,1.0
T-test,-1.0681397727798367,117,two-sided,0.287656,[-0.  0.],0.04606443309126779,0.178,0.07866149467160377,M1L-SubthalL,M1R-SubthalR,RD,0.0008588730386197382,6.118037554252525e-05,0.0008617105950024729,6.149552616456658e-05,0.4554553333333334,1.0,1.0
T-test,-2.482014934367504,117,two-sided,0.014484,[-0. -0.],0.10457713521582704,1.922,0.20335666231499364,M1L-ThalfusL,M1R-ThalfusR,RD,0.0009352147171739006,6.698438312280577e-05,0.0009424271352067745,7.032418590498535e-05,0.040765857142857145,1.0,1.0
T-test,-2.661610384686872,117,two-sided,0.00887,[-0. -0.],0.10974832596563203,2.948,0.2192509057678624,ParacentralL-Brainstem,ParacentralR-Brainstem,RD,0.0008603216058147958,5.4029046202876296e-05,0.0008661874941889092,5.2401686225975765e-05,0.026964799999999997,1.0,0.9136099999999999
T-test,0.9785887615737051,117,two-sided,0.329802,[-0.  0.],0.041117195930065964,0.163,0.07276842570378263,ParacentralL-CaudL,ParacentralR-CaudR,RD,0.001071999954470083,8.464369512462268e-05,0.0010686440490012086,7.775314189466086e-05,0.49191483636363637,1.0,1.0
T-test,-2.1079885414543598,117,two-sided,0.037166,[-0. -0.],0.0907034404358937,0.861,0.1645225883805834,ParacentralL-LentiL,ParacentralR-LentiR,RD,0.0009763718886552992,6.975726576173005e-05,0.0009828015187186465,7.140369655138232e-05,0.0896703492063492,1.0,1.0
T-test,-1.1161747980865733,117,two-sided,0.266634,[-0.  0.],0.046798747607335364,0.187,0.07959604363167666,ParacentralL-SubthalL,ParacentralR-SubthalR,RD,0.0008752243233236441,6.163729914527698e-05,0.0008781512975258179,6.291272527309288e-05,0.44052573913043475,1.0,1.0
T-test,-3.310270817183032,117,two-sided,0.00124,[-0. -0.],0.15821413729767728,17.129,0.3993208811709998,ParacentralL-ThalfusL,ParacentralR-ThalfusR,RD,0.0009638505096949347,6.843002411013463e-05,0.0009751571066108779,7.378986874588021e-05,0.00457447619047619,0.18848,0.13888
T-test,-2.6824780229562504,117,two-sided,0.008366,[-0. -0.],0.12744978258122852,3.104,0.279078616109452,S1L-Brainstem,S1R-Brainstem,RD,0.0008604036105433138,4.800805255620872e-05,0.0008665688767026348,4.832875439898378e-05,0.025951673469387756,1.0,0.8700640000000001
T-test,-1.0614475564469037,117,two-sided,0.290673,[-0.  0.],0.06816072553965168,0.177,0.11369907875111174,S1L-CaudL,S1R-CaudR,RD,0.0010531391303243921,8.316241574120393e-05,0.001058692063729752,7.902951107418066e-05,0.455487587628866,1.0,1.0
T-test,-0.4960694634101888,117,two-sided,0.620776,[-0.  0.],0.019111377187584915,0.115,0.05487075978366959,S1L-LentiL,S1R-LentiR,RD,0.001003574358962306,6.52191627081903e-05,0.0010048373478022306,6.638583670209923e-05,0.7371715,1.0,1.0
T-test,-1.6555516834315878,117,two-sided,0.100492,[-0.  0.],0.05833484903665963,0.384,0.09633709919270256,S1L-ParacentralL,S1R-ParacentralR,RD,0.001096753141609905,6.541063723671255e-05,0.0011006368948659228,6.716612406452867e-05,0.19335169620253165,1.0,1.0
T-test,-0.6408892653764874,117,two-sided,0.522848,[-0.  0.],0.030267196862998735,0.125,0.06226862920027473,S1L-SubthalL,S1R-SubthalR,RD,0.0008692096398898143,5.861005352811138e-05,0.0008710061872803678,5.9594265472686185e-05,0.6500230967741936,1.0,1.0
T-test,-2.474205881963814,117,two-sided,0.014788,[-0. -0.],0.12532245282904897,1.888,0.2714707740339995,S1L-ThalfusL,S1R-ThalfusR,RD,0.0009572110523595551,6.962079846812446e-05,0.0009659588281696162,6.939049514493735e-05,0.040765857142857145,1.0,1.0
T-test,0.07119594983172572,117,two-sided,0.943363,[-0.  0.],0.0016416837890242187,0.102,0.050035836973279915,S1L-M1L,S1R-M1R,RD,0.001098827517125706,6.971060254683523e-05,0.0010987136752730882,6.838323742385225e-05,0.9688592972972973,1.0,1.0
T-test,-1.6555516834315878,117,two-sided,0.100492,[-0.  0.],0.05833484903665963,0.384,0.09633709919270256,S1L-ParacentralL,S1R-ParacentralR,RD,0.001096753141609905,6.541063723671255e-05,0.0011006368948659228,6.716612406452867e-05,0.19335169620253165,1.0,1.0
